location,beds,bath,price,year_built,sqft,price_per_sqft
New York,2,1,999000,1960,1000,999
New York,2,2,2749502,2006,1418,1939
New York,2,2,1350200,1900,2150,628
New York,1,1,629000,1903,500,1258
New York,0,1,439000,1930,500,878
New York,0,1,439000,1930,500,878
New York,1,1,475000,1920,500,950
New York,1,1,974700,1930,900,1083
New York,1,1,974700,1930,900,1083
New York,2,1,1895000,1921,1000,1895
New York,3,3,2094400,1926,2200,952
New York,1,1,998816,1982,784,1274
New York,1,1,998816,1982,784,1274
New York,1,1,1248912,1987,826,1512
New York,0,1,1109820,2008,698,1590
New York,2,2,2059500,2008,1373,1500
New York,2,2,2000400,1928,1200,1667
New York,1,1,715188,1903,557,1284
New York,2,2,2498580,2005,1260,1983
New York,2,1.5,2650000,1915,2500,1060
New York,2,2,3450250,1900,1850,1865
New York,1,1,3104616,2016,1108,2802
New York,4,5,13749183,2016,3699,3717
New York,2,2,1185000,1900,1000,1185
New York,1,2,1699500,1900,1500,1133
New York,1,1,1194649,1900,1093,1093
New York,1,1,450000,1920,500,900
New York,1,1,1194649,1900,1093,1093
New York,2,2,1185000,1900,1000,1185
New York,0,1,624800,1964,800,781
New York,2,2,3159500,2012,1420,2225
New York,2,2,2199650,1920,2050,1073
New York,2,2,4894400,2016,1520,3220
New York,2,2,6524194,2016,2018,3233
New York,2,2,4894400,2016,1520,3220
New York,2,2,6524194,2016,2018,3233
New York,2,2,1674575,2006,1225,1367
New York,2,2,1674575,2006,1225,1367
New York,2,1,998750,1985,799,1250
New York,1,1,1550000,1926,1000,1550
New York,1,1,1595076,2015,714,2234
New York,2,2,3996000,1906,2400,1665
New York,1,1,1285284,2012,749,1716
New York,1,1,1595076,2015,714,2234
New York,2,2,3996000,1906,2400,1665
New York,2,2,4995232,1900,2024,2468
New York,3,2,3579000,1880,3000,1193
New York,3,3,6350000,2015,2500,2540
New York,3,3,6550000,2015,2500,2620
New York,3,3,5986200,1909,3300,1814
New York,3,3,9900200,2015,2950,3356
New York,1,1,1849400,1920,1400,1321
New York,2,2,3500000,1915,2000,1750
New York,2,2,3500385,1910,1887,1855
New York,1,1,1249920,2007,720,1736
New York,2,1,898720,1990,820,1096
New York,1,2,1950000,1900,1300,1500
New York,1,1,1750000,1963,1000,1750
New York,0,1,774774,2009,546,1419
New York,0,1,389950,1955,550,709
New York,0,1,700000,1988,500,1400
New York,1,1,648750,1965,750,865
New York,2,2,1200000,1964,1200,1000
New York,0,1,319000,1941,500,638
New York,0,1,700000,1988,500,1400
New York,0,1,774774,2009,546,1419
New York,1,1,648750,1965,750,865
New York,2,2,1848915,2009,1135,1629
New York,1,1,615000,1960,750,820
New York,1,1,1589625,2008,785,2025
New York,1,1,1150035,2014,645,1783
New York,2,2,2649880,2014,1240,2137
New York,0,1,469000,1932,500,938
New York,0,1,569064,1962,543,1048
New York,1,1,549000,1924,750,732
New York,2,2,799000,1928,850,940
New York,2,2,879200,1928,800,1099
New York,2,3,2998400,1925,3200,937
New York,2,3,2998400,1925,3200,937
New York,2,3,2998400,1925,3200,937
New York,2,3,2998400,1925,3200,937
New York,1,1,399000,1910,475,840
New York,1,1,1134705,2005,715,1587
New York,1,1,1145200,2005,700,1636
New York,1,1,1760350,1969,950,1853
New York,2,2,1724592,2005,976,1767
New York,2,2,2750008,2007,1384,1987
New York,2,2,2750008,2007,1384,1987
New York,1,1,399000,1910,475,840
New York,2,2,1725152,2005,1144,1508
New York,1,1,868990,1988,670,1297
New York,1,1,1760350,1969,950,1853
New York,3,3,1249500,1962,1500,833
New York,3,3,1500800,1962,1600,938
New York,1,1,1134705,2005,715,1587
New York,1,1,1145200,2005,700,1636
New York,2,2,1724592,2005,976,1767
New York,2,2,3499900,1925,1550,2258
New York,0,1,525000,1940,525,1000
New York,2,2,2024829,1940,1433,1413
New York,2,2,3499496,1986,1463,2392
New York,0,1,924885,1978,585,1581
New York,2,2,1699816,1982,1007,1688
New York,2,2,1699816,1982,1007,1688
New York,0,1,448800,1962,550,816
New York,0,1,299200,1930,400,748
New York,1,1,694800,1961,720,965
New York,1,1,694800,1961,720,965
New York,4,5,17751816,2012,4476,3966
New York,5,5,27502500,1930,7500,3667
New York,0,1,538835,1957,485,1111
New York,0,1,778752,1975,512,1521
New York,1,1,925290,1985,745,1242
New York,1,1,1319000,1958,1000,1319
New York,2,2,4239335,2016,1741,2435
New York,2,2,4285391,2016,1747,2453
New York,3,3,4875089,2016,2017,2417
New York,3,3,14950385,1931,4435,3371
New York,3,3,10223800,2016,3007,3400
New York,4,4,13400613,2016,3331,4023
New York,5,5,18998012,2016,4972,3821
New York,0,1,538835,1957,485,1111
New York,1,1,835100,1963,700,1193
New York,10,10,7993600,1910,6400,1249
New York,0,1,349200,1960,400,873
New York,1,1,588000,1970,600,980
New York,2,2,8690220,2002,2178,3990
New York,2,2,4194750,2016,1750,2397
New York,2,2,4194736,2016,1742,2408
New York,2,2,4239335,2016,1741,2435
New York,2,2,4285391,2016,1747,2453
New York,3,3,4875089,2016,2017,2417
New York,3,3,5749128,2016,2196,2618
New York,3,3,9351348,2016,3054,3062
New York,3,3,10223800,2016,3007,3400
New York,4,4,13148382,2016,3338,3939
New York,4,4,13400613,2016,3331,4023
New York,5,5,18998012,2016,4972,3821
New York,0,1,850122,1924,546,1557
New York,7,7,19499038,1994,4238,4601
New York,1,1,1000008,1912,612,1634
New York,0,1,485150,1902,310,1565
New York,3,2,7349650,1999,2075,3542
New York,1,1,1200000,1969,600,2000
New York,2,2,4250304,2011,1504,2826
New York,2,2,3600580,1960,1340,2687
New York,2,2,3600580,1960,1340,2687
New York,1,1,525000,1924,700,750
New York,0,1,544896,1900,387,1408
New York,1,1,535050,1900,450,1189
New York,4,4,5500800,1923,3200,1719
New York,4,5,11999100,1939,3700,3243
New York,1,2,1849995,2007,839,2205
New York,1,1,535050,1900,450,1189
New York,2,2,1349400,1931,1300,1038
New York,1,1,779100,1902,700,1113
New York,2,1,1474949,1973,971,1519
New York,2,2,1385280,1971,962,1440
New York,1,1,779100,1902,700,1113
New York,1,1,648800,1929,800,811
New York,0,1,724800,1960,600,1208
New York,2,1,925090,1941,790,1171
New York,1,1,964862,1961,787,1226
New York,2,1,1250340,1922,1145,1092
New York,1,1,650160,1907,720,903
New York,2,1,385400,1999,820,470
New York,2,2,1695263,2012,1051,1613
New York,1,1,599960,1899,1060,566
New York,2,1,909480,1899,1060,858
New York,8,7,2299000,1910,4180,550
New York,1,1,599960,1899,1060,566
New York,2,1,909480,1899,1060,858
New York,2,2,1598800,1973,1400,1142
New York,2,2,4625655,1987,1695,2729
New York,0,1,325125,1910,375,867
New York,2,2,1598800,1973,1400,1142
New York,2,2,1964410,2005,1330,1477
New York,1,1,735200,1928,800,919
New York,2,2,4625655,1987,1695,2729
New York,1,1,749046,2011,762,983
New York,1,1,499743,2011,669,747
New York,1,1,749046,2011,762,983
New York,2,2,903303,1920,1503,601
New York,2,2,903303,1920,1503,601
New York,2,1,560400,1925,1200,467
New York,2,1,545480,1939,1049,520
New York,2,1,364700,1925,700,521
New York,2,1,364700,1925,700,521
New York,1,1,934496,1910,1102,848
New York,0,1,819754,2013,533,1538
New York,0,1,835167,2013,501,1667
New York,1,1,934496,1910,1102,848
New York,1,1,1420032,2004,768,1849
New York,1,1,1549888,2004,794,1952
New York,2,2,1634556,2004,957,1708
New York,1,1,1549888,2004,794,1952
New York,1,1,1780376,2007,988,1802
New York,2,2,2800428,2007,1308,2141
New York,1,1,411372,1921,586,702
New York,2,2,2174634,1999,1569,1386
New York,2,2,1995084,1996,1044,1911
New York,2,2,2235312,1999,1548,1444
New York,4,4,8799964,1941,3382,2602
New York,2,2,1849968,1996,1044,1772
New York,2,2,1995084,1996,1044,1911
New York,1,1,1695240,1927,680,2493
New York,1,1,1495125,1962,1125,1329
New York,2,2,2199708,2000,1044,2107
New York,0.5,1,385020,1962,540,713
New York,1,1,514750,1962,725,710
New York,3,2,1950400,1956,1600,1219
New York,0,1,306900,1910,330,930
New York,2,2,1735575,1980,1585,1095
New York,3,3,1849551,2005,1353,1367
New York,3,3,1849551,2005,1353,1367
New York,2,2,1995114,1986,1406,1419
New York,2,2,2900800,1987,1600,1813
New York,2,2,2498606,2004,1658,1507
New York,2,2,1575560,1930,1324,1190
New York,3,3,1494640,1990,1360,1099
New York,1,1,529100,1986,650,814
New York,3,3,2695814,2006,1991,1354
New York,3,3,2695814,2006,1991,1354
New York,4,3,3895947,2001,2277,1711
San Francisco,1,1,550240,1982,724,760
San Francisco,2,2,848720,1982,1030,824
San Francisco,3,2,1749350,1900,2950,593
San Francisco,1,1,798721,2008,847,943
San Francisco,1,1.5,899407,1997,1453,619
San Francisco,1,1,598080,2005,534,1120
San Francisco,1,2,1088172,1998,1086,1002
San Francisco,1,1,798222,1926,769,1038
San Francisco,1,1,798222,1926,769,1038
San Francisco,1,1,1494675,1927,2275,657
San Francisco,4,4,4300695,2006,3321,1295
San Francisco,1,1,699300,2008,756,925
San Francisco,2,2,335040,2000,1047,320
San Francisco,1,1.5,848631,1996,1127,753
San Francisco,1,1.5,1364343,1996,1607,849
San Francisco,1,1,649062,2011,674,963
San Francisco,3,3,1244484,1907,1503,828
San Francisco,1,1,649400,1983,850,764
San Francisco,2,2,1700000,1987,1250,1360
San Francisco,2,2,1980212,2009,1469,1348
San Francisco,2,2,3599708,2009,1652,2179
San Francisco,2,3,4995200,2009,2230,2240
San Francisco,2,2,1298080,2008,1159,1120
San Francisco,2,2,2149344,2008,1317,1632
San Francisco,3,2,1995330,2006,1362,1465
San Francisco,2,2,1649840,1937,1640,1006
San Francisco,1,1,949248,2010,824,1152
San Francisco,1,1,187600,2000,670,280
San Francisco,3,2.5,1993838,2008,2354,847
San Francisco,3,2.5,1993838,2008,2354,847
San Francisco,2,2,2799424,2008,1328,2108
San Francisco,2,2.5,1049600,2000,1640,640
San Francisco,2,2,894852,2006,1113,804
San Francisco,1,1,997568,2006,872,1144
San Francisco,2,2,1658960,2000,1165,1424
San Francisco,1,1,788319,2004,903,873
San Francisco,2,2,1395364,2001,1334,1046
San Francisco,2,2,1298982,2004,1453,894
San Francisco,2,2.5,849728,2000,1136,748
San Francisco,3,2.5,2848975,2013,2075,1373
San Francisco,2,2,949790,2000,1258,755
San Francisco,2,2,1599972,2002,1173,1364
San Francisco,3,2,1275198,2001,1502,849
San Francisco,1,1.5,774880,2009,835,928
San Francisco,3,2,1398357,1892,1809,773
San Francisco,2,2,878750,1912,950,925
San Francisco,1,1,699000,1907,932,750
San Francisco,1,1,984776,1978,884,1114
San Francisco,1,1,724966,1978,1063,682
San Francisco,2,2,849200,1911,1100,772
San Francisco,1,1,618285,1973,705,877
San Francisco,2,2,5949600,1989,3700,1608
San Francisco,4,4,1799325,1948,2475,727
San Francisco,2,2.5,2349432,2008,1314,1788
San Francisco,1,1,739772,1920,989,748
San Francisco,1,1,698880,1982,780,896
San Francisco,2,2,958005,2005,915,1047
San Francisco,2,2,1200444,1909,1302,922
San Francisco,3,3,1574265,1993,2233,705
San Francisco,2,2,1199000,1964,1100,1090
San Francisco,1,1,529179,1966,791,669
San Francisco,1,1,698720,1984,880,794
San Francisco,3,2,1294775,1926,1675,773
San Francisco,4,4,1800149,1948,2347,767
San Francisco,1,1,794970,2000,990,803
San Francisco,2,2,778912,2007,808,964
San Francisco,1,1.5,379000,2000,1000,379
San Francisco,4,2.3,1398012,1904,2492,561
San Francisco,2,1.3,1097355,1904,1493,735
San Francisco,1,1,669747,2014,507,1321
San Francisco,2,2,1198553,2014,943,1271
San Francisco,2,2,1095275,2010,1135,965
San Francisco,1,2,795256,2014,616,1291
San Francisco,3,2,979200,1900,1440,680
San Francisco,3,3,1488900,1977,2100,709
San Francisco,3,2,1388308,1908,1546,898
San Francisco,3,2,1388308,1908,1546,898
San Francisco,4,2,1098489,1962,1267,867
San Francisco,3,3.5,1800015,1900,2449,735
San Francisco,3,2,1249900,1924,1450,862
San Francisco,3,2,998448,1907,1464,682
San Francisco,3,2.5,1300464,1975,1642,792
San Francisco,1,1,538840,2000,709,760
San Francisco,1,1,735376,1983,779,944
San Francisco,3,2,687357,1942,1441,477
San Francisco,2,1,859100,1890,1100,781
San Francisco,3,2,698750,1964,1250,559
San Francisco,2,1,749700,1924,980,765
San Francisco,3,2,548216,1915,1972,278
San Francisco,6,3,1599241,1926,2567,623
San Francisco,2,2,875500,1909,1700,515
San Francisco,4,3,899470,2003,1870,481
San Francisco,3,2,747302,1930,1522,491
San Francisco,2,1.5,749488,1949,1348,556
San Francisco,2,1,598829,1942,707,847
San Francisco,3,1,649250,1940,1325,490
San Francisco,2,2,649440,1924,1320,492
San Francisco,2,1,798475,1929,1025,779
San Francisco,5,2,898220,1972,1940,463
San Francisco,3,1.5,698750,1910,1625,430
San Francisco,3,2,748935,1907,1513,495
San Francisco,3,2,534432,1967,1824,293
San Francisco,2,1,699300,1913,900,777
San Francisco,2,1,699300,1913,900,777
San Francisco,2,1,500214,1958,1166,429
San Francisco,3,2.5,878176,1981,2111,416
San Francisco,3,2.5,878176,1981,2111,416
San Francisco,4,2.5,699048,1982,1752,399
San Francisco,2,1,688145,1950,1145,601
San Francisco,3,2,1194976,1907,1396,856
San Francisco,3,2,1194976,1907,1396,856
San Francisco,1,1,696776,1922,694,1004
San Francisco,5,3.5,3996550,1905,3350,1193
San Francisco,1,1,649800,1955,600,1083
San Francisco,1,1,649800,1955,600,1083
San Francisco,1,1,775200,1955,600,1292
San Francisco,1,1,825000,1955,600,1375
San Francisco,2,1,699060,1907,915,764
San Francisco,3,2,1495680,1927,1520,984
San Francisco,4,4.5,5198040,1952,4813,1080
San Francisco,2,2,988988,1984,988,1001
San Francisco,3,1,1094355,1895,1465,747
San Francisco,1,1,725034,1900,811,894
San Francisco,1,1,725034,1900,811,894
San Francisco,4,4,2648304,1900,3816,694
San Francisco,2,2,1679800,1962,1850,908
San Francisco,1,1,1199367,1906,1139,1053
San Francisco,3,2.5,799400,1947,1400,571
San Francisco,3,2,795150,1954,1350,589
San Francisco,2,1,699485,1944,995,703
San Francisco,3,2,847500,1940,1500,565
San Francisco,3,2,899100,1948,1665,540
San Francisco,3,2,899100,1948,1665,540
San Francisco,6,4,1198650,1937,1965,610
San Francisco,3,3,1100594,1925,2633,418
San Francisco,6,3.5,949632,1918,2473,384
San Francisco,5,5,2990000,2014,5000,598
San Francisco,4,3,1339750,1940,2330,575
San Francisco,3,2.5,1388745,1928,1905,729
San Francisco,3,2,989051,1940,1603,617
San Francisco,3,1,1295332,1890,1772,731
San Francisco,6,6,6895200,1902,7800,884
San Francisco,2,2,1724885,1922,1415,1219
San Francisco,3,3,1995430,1922,1915,1042
San Francisco,0,1,498780,1900,510,978
San Francisco,0,1,498780,1900,510,978
San Francisco,1,1,599040,1900,624,960
San Francisco,1,1,599040,1900,624,960
San Francisco,3,2,1200540,1929,1284,935
San Francisco,3,2,1394611,1909,1877,743
San Francisco,3,3,1784820,1925,1970,906
San Francisco,3,2,1098578,1905,1457,754
San Francisco,5,5.5,3495410,1921,4310,811
San Francisco,3,2,2395013,1929,2323,1031
San Francisco,4,2.5,2548288,1907,2746,928
San Francisco,3,2,994602,2000,1393,714
San Francisco,5,3.5,6494081,1906,4609,1409
San Francisco,4,3,1697761,1890,1789,949
San Francisco,5,2,6298845,1914,3585,1757
San Francisco,3,3,1138276,2008,1532,743
San Francisco,3,2,1080562,1914,1954,553
San Francisco,4,1,1049598,1932,1767,594
San Francisco,1,1,740250,1941,875,846
San Francisco,4,4,1595000,1925,2750,580
San Francisco,2,1,699600,1907,1200,583
San Francisco,2,1,799250,1938,1150,695
San Francisco,4,2.5,994080,1915,2180,456
San Francisco,2,1,828980,1925,1145,724
San Francisco,2,1,875448,1908,1158,756
San Francisco,5,3,950690,1939,1846,515
San Francisco,2,1,749650,1936,1450,517
San Francisco,2,1,749650,1936,1450,517
San Francisco,6,6.5,9501260,1937,5420,1753
San Francisco,4,3,3596264,1931,3017,1192
San Francisco,2,1.5,1425280,1925,1360,1048
San Francisco,1,1,864960,1993,960,901
San Francisco,2,2.5,2494611,1940,1809,1379
San Francisco,2,2,2000724,1925,1518,1318
San Francisco,4,3.5,9897432,2008,6024,1643
San Francisco,3,2,357750,1989,1325,270
San Francisco,3,2.5,898586,2015,1391,646
San Francisco,3,2.5,929188,2015,1391,668
San Francisco,4,4,849680,1928,2470,344
San Francisco,2,1,648000,1921,1125,576
San Francisco,2,1,480080,1915,680,706
San Francisco,1,1,499264,1900,1076,464
San Francisco,4,2,689364,1951,1473,468
San Francisco,2,2,669036,1986,1317,508
San Francisco,2,1.5,728640,1942,1012,720
San Francisco,2,2,767280,1916,1380,556
San Francisco,3,1,659680,1900,1520,434
San Francisco,2,1,994800,1908,600,1658
San Francisco,2,1,760225,1941,1175,647
San Francisco,6,3.5,994840,2001,3080,323
San Francisco,2,1,724880,1945,1040,697
San Francisco,4,3,3420597,1926,5113,669
San Francisco,3,2,1650375,1922,2025,815
San Francisco,3,3.5,2251278,1928,3258,691
San Francisco,3,1,1319256,1925,1752,753
San Francisco,5,3.5,1697397,1966,2769,613
San Francisco,3,2,1048770,1947,1626,645
San Francisco,2,2,599090,1990,862,695
San Francisco,5,3.5,2995300,1947,3890,770
San Francisco,3,2,994410,1956,1305,762
San Francisco,1,1,349800,1908,600,583
San Francisco,2,1,550400,1908,800,688
San Francisco,4,4,3760615,1900,3085,1219
San Francisco,3,2,1049514,1922,1266,829
San Francisco,2,2,1894724,1907,1756,1079
San Francisco,1,1,599080,1961,680,881
San Francisco,4,3,1894048,2001,2041,928
San Francisco,3,2,1798200,1926,1800,999
San Francisco,2,1,599400,1908,1350,444
San Francisco,2,1,1494300,1908,1700,879
San Francisco,3,2,1595295,1961,1515,1053
San Francisco,3,2,848306,1947,1622,523
San Francisco,4,3.5,1993824,1992,3312,602
San Francisco,3,2,1494390,1937,1635,914
San Francisco,3,3.5,2194016,1922,2168,1012
San Francisco,4,2,1797850,1951,2050,877
San Francisco,2,2,849030,1978,1555,546
San Francisco,3,2,1159770,1977,1731,670
San Francisco,3,2.5,995172,1976,1959,508
San Francisco,4,3,1387750,1968,2275,610
San Francisco,5,3.5,2248587,1962,3729,603
San Francisco,3,2,1080516,1989,1524,709
San Francisco,3,2.5,1094648,1968,1868,586
San Francisco,2,1,598950,1972,990,605
San Francisco,2,1,914481,1954,1251,731
San Francisco,2,1,914481,1954,1251,731
San Francisco,3,2,725208,1975,1474,492
San Francisco,3,2.5,1588794,2015,2001,794
San Francisco,2,1,795048,1941,1256,633
San Francisco,2,1,795048,1941,1256,633
San Francisco,4,2,847690,1949,1646,515
San Francisco,1,1,438886,2002,667,658
San Francisco,3,2,850190,1958,1310,649
San Francisco,2,1,599412,1941,1254,478
San Francisco,3,2.5,1540264,2014,2024,761
San Francisco,3,2.5,1339524,2015,2133,628
San Francisco,3,2.5,1294731,2015,2133,607
San Francisco,3,2.5,1610805,2015,2001,805
San Francisco,2,2,1494502,1913,1174,1273
San Francisco,1,1,699000,1908,750,932
San Francisco,2,2.5,3495168,1900,1968,1776
San Francisco,4,2,699050,1949,1550,451
San Francisco,2,1,699300,1949,1050,666
San Francisco,3,3,887905,1975,1555,571
San Francisco,1,1,598819,1945,631,949
San Francisco,3,3,757107,1989,2157,351
San Francisco,2,2,1697760,2008,1620,1048
San Francisco,2,2,1697760,2008,1620,1048
San Francisco,1,1,848788,2012,886,958
San Francisco,2,2,1674464,2012,1562,1072
San Francisco,2,2,1695330,2007,1610,1053
San Francisco,3,2,2218755,2012,1921,1155
San Francisco,1,1,788319,2004,903,873
San Francisco,2,2,1949300,1995,1930,1010
San Francisco,0,1,538840,2000,709,760
San Francisco,2,2,848720,1982,1030,824
San Francisco,2,2.5,2494611,1940,1809,1379
San Francisco,4,4,3760615,1894,3085,1219
San Francisco,3,2,1798200,1926,1800,999
San Francisco,5,2.5,1800778,1890,3073,586
San Francisco,2,1,694925,1923,1045,665
San Francisco,3,2,1650579,1922,1483,1113
San Francisco,1,1,649400,1983,850,764
San Francisco,3,2,994410,1956,1305,762
Boston,4,2,1106283,1970,2217,499
Boston,4,2.5,1604205,1992,2295,699
Boston,4,2.5,1574400,2009,1968,800
Boston,3,2.5,1153449,1996,2013,573
Boston,2,1.5,899388,1995,1494,602
Boston,3,2.5,1022598,2006,1959,522
Boston,3,2,832677,2002,1689,493
Boston,3,2,625991,2001,1601,391
Boston,1,1.5,1710786,2003,1518,1127
Boston,3,2,1781520,2004,1713,1040
Boston,2,2,1590446,1985,1742,913
Boston,2,2,764460,1989,1644,465
Boston,3,2.5,1652672,2005,1904,868
Boston,3,2.5,2056040,2005,2098,980
Boston,3,2.5,1510938,2007,2574,587
Boston,4,2,921920,1958,2144,430
Boston,3,2.5,1012442,1988,2062,491
Boston,2,2,1801394,1970,1561,1154
Boston,3,2,1080162,1972,1494,723
Boston,2,2,993384,1975,1533,648
Boston,3,2.5,960076,1998,1924,499
Boston,3,2.5,1103376,2006,2172,508
Boston,3,2,723276,2003,1629,444
Boston,3,2.5,1495626,2003,2046,731
Boston,3,2,1286028,2002,1668,771
Boston,0,1.5,1008369,2001,1593,633
Boston,1,2,1963090,1959,1801,1090
Boston,4,2.5,2265480,1995,2520,899
Boston,4,2.5,931408,1995,2531,368
Boston,4,2.5,2260920,1999,2270,996
Boston,3,3,2776935,1880,3493,795
Boston,3,2,1161368,2007,1718,676
Boston,4,3.5,1026270,1976,2715,378
Boston,4,2.5,2113020,1986,2730,774
Boston,2,2,1471968,1971,1824,807
Boston,4,2.5,2429910,2007,2610,931
Boston,4,2.5,2151162,2003,2262,951
Boston,3,2,1518000,2004,2000,759
Boston,3,2,1952784,2007,1704,1146
Boston,3,2,1824438,2004,1694,1077
Boston,4,3.5,2214156,2004,2452,903
Boston,3,1.5,1635498,1939,1954,837
Boston,3,2,881986,2007,1726,511
Boston,3,2,1693800,2002,1800,941
Boston,3,2.5,1855886,2000,2153,862
Boston,3,2,1656168,2007,1828,906
Boston,3,2.5,1224423,1932,2727,449
Boston,4,2.5,3000830,1998,2630,1141
Boston,2,2,1696474,2006,1838,923
Boston,3,2.5,1640232,1996,2398,684
Boston,1,1.5,1257880,1983,2132,590
Boston,4,2.5,1696478,2004,2473,686
Boston,3,2,1810886,2007,1694,1069
Boston,2,2,1242885,2007,1869,665
Boston,3,2,1469930,2005,1826,805
Boston,2,2,1744992,2005,1752,996
Boston,5,3,2693592,1990,3222,836
Boston,4,2.5,2124706,2005,2462,863
Boston,3,2,1424622,2007,1698,839
Boston,1,1.5,1608984,1993,1719,936
Boston,3,3.5,2117325,1893,2775,763
Boston,4,2.5,2569104,2005,2504,1026
Boston,4,3.5,2292840,2005,2376,965
Boston,3,1.5,1389523,2007,2161,643
Boston,3,2,1500350,2004,1850,811
Boston,2,2,1408216,1999,1709,824
Boston,4,2.5,1695287,1989,2519,673
Boston,3,2.5,1830510,1999,2365,774
Boston,3,2.5,1645776,2007,2078,792
Boston,4,3,1045584,2004,2466,424
Boston,3,2.5,2422836,1993,2418,1002
Boston,4,3.5,2240348,2006,2596,863
Boston,4,2.5,1173536,1972,2704,434
Boston,4,3,2031176,2005,2324,874
Boston,2,2.5,796601,1995,2113,377
Boston,4,2.5,876256,2004,2224,394
Boston,4,2.5,1073580,2004,2468,435
Boston,4,2.5,1347868,1934,3194,422
Boston,3,2,1222776,2003,1944,629
Boston,4,2.5,1481200,2006,2576,575
Boston,2,2,780780,2005,2028,385
Boston,2,2.5,1250328,2009,1766,708
Boston,2,2,1309860,2007,1710,766
Boston,3,2.5,1196910,2008,2046,585
Boston,2,2,1711360,2003,1792,955
Boston,3,2,2357688,1965,2036,1158
Boston,3,2,1908546,2005,1922,993
Boston,3,2.5,1770810,2006,2643,670
Boston,4,2.5,2340128,2007,2696,868
Boston,0,0.5,2125668,1981,1842,1154
Boston,2,2,1990220,2007,2084,955
Boston,3,2,1322776,2003,2392,553
Boston,2,2,1437447,2007,1419,1013
Boston,1,1.5,1531200,2010,1856,825
Boston,3,2,1917756,1924,1973,972
Boston,4,2.5,986544,1918,2448,403
Boston,3,2.5,1375620,1928,2020,681
Boston,4,2.5,2226818,1937,2794,797
Boston,3,2.5,1160580,1950,2668,435
Boston,3,2.5,920514,1942,2121,434
Boston,1,1.5,2105388,1947,2097,1004
Boston,3,2.5,1499476,1937,2332,643
Boston,4,3,2437140,1920,3228,755
Boston,4,2.5,3063544,1946,2728,1123
Boston,3,3.5,2700565,1910,2945,917
Boston,2,2,794352,1950,1976,402
Boston,3,2.5,1551836,1942,2713,572
Boston,3,2.5,1480920,1943,2296,645
Boston,4,2.5,2435400,1926,3608,675
Boston,4,3.5,2339300,1946,3140,745
Boston,1,2,2363572,1923,2234,1058
Boston,4,3.5,1554246,1917,3279,474
Boston,2,2,1582918,1928,2402,659
Boston,4,3.5,1391246,1936,2822,493
Boston,2,2.5,1806096,1926,2364,764
Boston,4,3.5,1601236,1924,4316,371
Boston,3,2.5,786600,1946,1710,460
Boston,3,2,776360,1923,1493,520
Boston,2,2,1547784,1924,1554,996
Boston,3,1.5,786435,1934,1635,481
Boston,4,2.5,1066572,1919,1908,559
Boston,3,2,1286656,1918,1436,896
Boston,3,2.5,1796700,1947,1590,1130
Boston,4,2.5,1757180,1935,2060,853
Boston,3,2.5,1126092,1940,1796,627
Boston,1,1.5,877168,1921,1502,584
Boston,3,2.5,1370325,1945,1661,825
Boston,3,2.5,1451528,1931,1768,821
Boston,3,2.5,1828250,1923,1775,1030
Boston,3,2,976472,1949,1484,658
Boston,3,2,1150800,1928,1680,685
Boston,3,2.5,1622691,1939,1797,903
Boston,3,2,1605468,1911,1588,1011
Boston,3,2,1514496,1924,1536,986
Boston,3,2,1445970,1950,1535,942
Boston,5,2,1118216,1935,2134,524
Boston,3,1,712080,1945,1656,430
Boston,3,2,698472,1928,1602,436
Boston,3,2.5,1255527,1943,1911,657
Boston,3,2.5,1735485,1927,1961,885
Boston,2,2,767312,1936,1456,527
Boston,3,2.5,1251523,1927,1547,809
Boston,4,2.5,723240,1926,1960,369
Boston,3,2,1602828,1923,1836,873
Boston,3,2,1084320,1946,2259,480
Boston,3,2,945702,1944,1494,633
Boston,3,2,1763937,1924,1647,1071
Boston,3,2.5,1482786,1946,2034,729
Boston,4,2.5,1611808,1949,1928,836
Boston,3,2.5,993885,1992,1915,519
Boston,2,2,478224,2001,1296,369
Boston,3,2,1673526,2005,1541,1086
Boston,3,2.5,1555880,2006,1604,970
Boston,4,2.5,706176,1998,1839,384
Boston,3,2,862038,2002,1494,577
Boston,3,2,892542,2005,1614,553
Boston,3,2,1943760,1988,1680,1157
Boston,2,2.5,1622844,2009,1478,1098
Boston,3,2.5,1405452,1998,2031,692
Boston,3,2.5,2163205,2001,2035,1063
Boston,3,1.5,868376,1923,1576,551
Boston,3,2.5,1057312,2001,1786,592
Boston,2,2,1203188,2009,1358,886
Boston,3,2.5,1296072,2009,1692,766
Boston,3,2,1843710,1998,1661,1110
Boston,3,3,2072256,1948,2008,1032
Boston,3,2,1390496,1953,2287,608
Boston,4,2.5,1078883,1990,2243,481
Boston,3,2.5,1629020,2003,1733,940
Boston,3,2,1552308,2007,1496,1038
Boston,4,2.5,2291531,1966,2157,1062
Boston,3,2.5,1185000,2001,1929,614
Boston,3,2,849750,1980,1479,575
Boston,3,2.5,1194649,1920,1768,676
Boston,3,2,450000,2008,1428,315
Boston,3,3,1194649,2007,1761,678
Boston,2,2.5,1185000,1981,1707,694
Boston,3,2.5,624800,1993,2097,298
Boston,3,2.5,1579750,1989,1982,797
Boston,3,2,733217,1965,1786,411
Boston,4,2.5,1223600,1988,2183,561
Boston,3,2.5,1087366,1999,1852,587
Boston,4,2.5,1223600,1999,2291,534
Boston,3,2,2174731,1936,1795,1212
Boston,3,2.5,1674575,1987,1936,865
Boston,3,2.5,1674575,1997,1764,949
Boston,3,2.5,998750,1934,1792,557
Boston,3,2,775000,1962,1489,520
Boston,4,2.5,1595076,2004,2084,765
Boston,3,2.5,1998000,2006,1919,1041
Boston,3,1.5,1285284,1926,2080,618
Boston,2,2,797538,2003,1557,512
Boston,4,2,3996000,1918,3112,1284
Boston,1,1,1248808,1960,1252,997
Boston,3,2.5,1789500,1977,2263,791
Boston,2,2,2116667,2006,1625,1303
Boston,3,2.5,1637500,1993,1949,840
Boston,4,2.5,1995400,1950,2256,884
Boston,2,2,1414314,1945,1616,875
Boston,3,2.5,924700,2003,1829,506
Boston,4,2.5,1750000,1918,2624,667
Boston,2,2,1750193,1987,1767,990
Boston,3,2.5,1249920,1997,1950,641
Boston,1,1.5,898720,2003,2149,418
Boston,3,2.5,1950000,2005,1801,1083
Boston,5,3,1750000,1908,2358,742
Boston,4,2.5,774774,1974,2614,296
Boston,3,2.5,389950,1992,1953,200
Boston,3,2,700000,2006,1670,419
Boston,2,2,648750,2006,1550,419
Boston,2,1,1200000,1954,1363,880
Boston,3,2,319000,1988,1872,170
Boston,5,2.5,700000,1967,2978,235
Boston,4,2,774774,1950,2158,359
Boston,3,2,648750,1973,2223,292
Boston,3,2.5,1848915,2000,2054,900
Boston,3,2,615000,2008,1468,419
Boston,3,2,1589625,2007,1563,1017
Boston,1,1.5,1150035,1996,1288,893
Boston,4,2.5,2649880,2000,2285,1160
Boston,3,2,469000,2006,1646,285
Boston,3,2,569064,2006,1656,344
Boston,3,1.5,549000,1936,2057,267
Boston,4,2.5,799000,1968,2654,301
Boston,4,2.5,879200,1972,2198,400
Boston,3,2.5,999467,1972,1992,502
Boston,3,2,999467,1968,1634,612
Boston,3,2,1499200,1972,1372,1093
Boston,2,2,1499200,1967,1652,908
Boston,3,2.5,399000,1968,1852,215
Boston,3,2.5,1134705,1969,2042,556
Boston,2,2,1145200,1970,1324,865
Boston,3,2.5,1760350,1971,1947,904
Boston,3,2,1724592,1972,1636,1054
Boston,3,2,1375004,1973,1717,801
Boston,2,1,1375004,1954,1663,827
Boston,3,2,399000,2007,1600,249
Boston,3,2,1725152,1957,1839,938
Boston,4,2.5,868990,1998,2263,384
Boston,3,2.5,1760350,1945,2320,759
Boston,4,2.5,1249500,1980,2353,531
Boston,4,2.5,1500800,1991,2417,621
Boston,4,2.5,1134705,1993,2646,429
Boston,3,2,1145200,2005,1734,660
Boston,3,2,1724592,1996,1720,1003
Boston,3,2.5,904176,2001,1872,483
Boston,3,2,1711638,2008,1566,1093
Boston,4,2.5,1735926,2003,2094,829
Boston,3,2.5,953955,2009,1935,493
Boston,2,2,1621962,2008,1506,1077
Boston,1,2,752160,2006,1567,480
Boston,3,2.5,1033704,1996,2344,441
Boston,4,1.5,2262480,1880,2640,857
Boston,2,2,1414560,2005,1684,840
Boston,3,2.5,2156168,2006,1939,1112
Boston,4,2.5,1110756,1998,2452,453
Philadelphia,5,3,1204896,1946,4564,264
Philadelphia,4,2.5,534192,1925,2154,248
Philadelphia,2,2,333960,1946,1380,242
Philadelphia,3,2.5,346000,1925,2000,173
Philadelphia,2,3,432000,2004,1728,250
Philadelphia,4,2,230880,2001,2080,111
Philadelphia,1,1,665640,1925,1935,344
Philadelphia,4,3.5,675360,1999,2520,268
Philadelphia,4,2,559200,1925,2400,233
Philadelphia,4,3,534072,1965,2856,187
Philadelphia,3,2,210806,1925,1934,109
Philadelphia,5,4,575526,1925,2702,213
Philadelphia,3,2,758440,1977,2264,335
Philadelphia,3,2,328320,1950,1152,285
Philadelphia,3,3,407736,1927,1618,252
Philadelphia,3,3,859940,1957,2774,310
Philadelphia,3,2,457200,1920,1200,381
Philadelphia,4,2.5,205200,1925,2052,100
Philadelphia,6,2.5,981540,1925,2660,369
Philadelphia,3,2,500346,1939,1386,361
Philadelphia,4,1,679728,1925,1734,392
Philadelphia,3,2,364608,1964,1728,211
Philadelphia,3,2,469395,1970,1647,285
Philadelphia,5,2.5,958300,1925,2590,370
Philadelphia,3,3,690480,1962,1644,420
Philadelphia,4,1,581250,1920,1550,375
Philadelphia,4,3,449442,1957,1107,406
Philadelphia,3,1,381990,1925,1190,321
Philadelphia,3,4,194208,1918,1632,119
Philadelphia,3,1,407925,1925,1575,259
Philadelphia,3,3,604422,1964,1722,351
Philadelphia,5,1,235200,1955,2400,98
Philadelphia,3,1,444040,1875,1306,340
Philadelphia,3,3,326304,1992,1854,176
Philadelphia,2,2,142560,1925,990,144
Philadelphia,3,2,240294,1933,1381,174
Philadelphia,3,1,232190,1920,1070,217
Philadelphia,4,1,734536,1935,1964,374
Philadelphia,3,1,318240,1941,936,340
Philadelphia,3,4,600912,1973,1404,428
Philadelphia,2,1,154456,1921,898,172
Philadelphia,3,3,327020,1965,1660,197
Philadelphia,3,1,320776,1940,1588,202
Philadelphia,3,2,312000,1960,1040,300
Philadelphia,5,3,355680,1988,1872,190
Philadelphia,3,1,506600,1915,1192,425
Philadelphia,4,1,416412,1968,1548,269
Philadelphia,3,1,420736,1950,1216,346
Philadelphia,3,2,429726,1950,1122,383
Philadelphia,2,1,470936,1910,1369,344
Philadelphia,3,2,156600,1925,1450,108
Philadelphia,3,1,487890,1899,1170,417
Philadelphia,3,4,225816,1956,1164,194
Philadelphia,4,1,483108,1900,1902,254
Philadelphia,3,1.5,304380,1935,1068,285
Philadelphia,3,3,135360,1972,1440,94
Philadelphia,3,1.5,191478,1962,1358,141
Philadelphia,2,2,253236,2006,1347,188
Philadelphia,3,1,379140,1920,1068,355
Philadelphia,2,1,187920,1914,1080,174
Philadelphia,1,1,554190,1985,1470,377
Philadelphia,3,2,533694,1958,1358,393
Philadelphia,4,1,638880,1961,1760,363
Philadelphia,3,1,447262,1965,1481,302
Philadelphia,6,2,476280,1920,2646,180
Philadelphia,4,2,312480,1971,1440,217
Philadelphia,2,1,361088,1939,896,403
Philadelphia,2,1,382000,1970,2000,191
Philadelphia,3,2.5,309620,1956,1370,226
Philadelphia,2,1,206976,1955,896,231
Philadelphia,3,3,198832,1940,1462,136
Philadelphia,3,2,549120,2004,1280,429
Philadelphia,4,2,618975,1900,1575,393
Philadelphia,3,2,563206,1945,1642,343
Philadelphia,3,1.5,287280,1965,1260,228
Philadelphia,5,3,442780,1950,1703,260
Philadelphia,3,2.5,332928,1950,1224,272
Philadelphia,3,1.5,445740,1925,1380,323
Philadelphia,3,4,549024,1925,1634,336
Philadelphia,3,3,619178,2006,1882,329
Philadelphia,3,2,383760,1956,1066,360
Philadelphia,3,1,370272,1917,1064,348
Philadelphia,3,1,382536,1936,1656,231
Philadelphia,3,2,230144,1922,928,248
Philadelphia,6,2,190500,1945,1500,127
Philadelphia,3,2,206550,1952,1350,153
Philadelphia,2,3,402688,1980,1664,242
Philadelphia,3,3,313536,1961,1104,284
Philadelphia,3,1.5,507875,1916,1195,425
Philadelphia,3,2,346680,1979,1080,321
Philadelphia,4,1,680000,1950,1600,425
Philadelphia,3,2,122210,1956,1210,101
Philadelphia,5,4,262864,1930,2347,112
Philadelphia,4,1,693888,1930,1664,417
Philadelphia,4,3,682560,1910,2160,316
Philadelphia,2,2,295680,1955,896,330
Philadelphia,3,1,479808,1946,1344,357
Philadelphia,3,2,593280,1925,1440,412
Philadelphia,3,2,385152,1945,1632,236
Philadelphia,5,4,419136,1930,1888,222
Philadelphia,3,1,350784,1937,1044,336
Philadelphia,3,2,238740,1953,1380,173
Philadelphia,2,2,363000,1916,1000,363
Philadelphia,4,1,362780,1925,1940,187
Philadelphia,3,2,540384,1950,1248,433
Philadelphia,4,1,254464,1900,1792,142
Philadelphia,3,3,717120,1926,1992,360
Philadelphia,4,1.5,387072,1942,1792,216
Philadelphia,3,1,329688,1920,1368,241
Philadelphia,3,1,491400,1900,1400,351
Philadelphia,3,1,398464,1955,1132,352
Philadelphia,3,2,381000,1956,1000,381
Philadelphia,3,1,531272,1925,1432,371
Philadelphia,4,2,579550,1940,1730,335
Philadelphia,3,1,565500,1925,1500,377
Philadelphia,2,3,201984,1986,1052,192
Philadelphia,3,1.5,251328,1940,1056,238
Philadelphia,3,1,415872,1925,1152,361
Philadelphia,3,2,380880,1996,1840,207
Philadelphia,3,1,214508,1920,1316,163
Philadelphia,4,1,353100,1925,1650,214
Philadelphia,3,1,126000,1950,1200,105
Philadelphia,3,1,313344,1930,1152,272
Philadelphia,4,1,569232,1918,1416,402
Philadelphia,4,3,362880,1950,1260,288
Philadelphia,3,1,598500,1923,1500,399
Philadelphia,2,1,128000,1955,1024,125
Philadelphia,3,1,371420,1920,980,379
Philadelphia,3,1,285600,1965,1360,210
Philadelphia,3,1,533952,1956,1296,412
Philadelphia,3,1,486048,1950,1328,366
Philadelphia,3,1,302600,1925,890,340
Philadelphia,3,2,208962,1925,1482,141
Philadelphia,4,1,713944,1925,1708,418
Philadelphia,4,2,210000,1925,1500,140
Philadelphia,3,1,306090,1925,1074,285
Philadelphia,3,1,434634,1925,1354,321
Philadelphia,3,1,456298,1925,1354,337
Philadelphia,3,1.5,490960,1965,1360,361
Philadelphia,4,2,270864,1951,1188,228
Philadelphia,3,2,445924,1947,1702,262
Philadelphia,3,1,570774,1950,1506,379
Philadelphia,3,1,127764,1923,1092,117
Philadelphia,3,1,464512,1925,1216,382
Philadelphia,3,2,456960,1930,1680,272
Philadelphia,2,1,147628,1915,884,167
Philadelphia,4,1,391776,1925,1696,231
Philadelphia,3,1,427671,1950,1159,369
Philadelphia,4,1,527688,1925,1512,349
Philadelphia,3,1,344318,1900,1558,221
Philadelphia,4,1,229950,1918,1050,219
Philadelphia,3,1,471420,1950,1164,405
Philadelphia,3,1,439280,1965,1360,323
Philadelphia,3,1,280160,1987,1360,206
Philadelphia,3,2,228288,1925,1312,174
Philadelphia,4,2,443352,1946,1092,406
Philadelphia,3,1.5,477958,1950,1186,403
Philadelphia,3,1,94848,1920,912,104
Philadelphia,3,2,496400,1956,1168,425
Philadelphia,3,3,472416,1960,1184,399
Philadelphia,3,2,548250,1925,1290,425
Philadelphia,5,2,492536,1900,1544,319
Philadelphia,3,1,473200,1925,1352,350
Philadelphia,3,2,400162,1925,1414,283
Philadelphia,3,2,176800,1965,1360,130
Philadelphia,3,1,558558,1925,1302,429
Philadelphia,3,1,277160,1936,1352,205
Philadelphia,4,1,431472,1963,1616,267
Philadelphia,3,6,302176,1955,1136,266
Philadelphia,3,1.5,315840,1959,1120,282
Philadelphia,4,2,218400,1941,1680,130
Philadelphia,3,1.5,203796,1996,1332,153
Philadelphia,2,1,209620,1920,940,223
Philadelphia,2,1,225120,1925,1072,210
Philadelphia,4,1,570240,1925,1584,360
Philadelphia,3,2.5,149600,1965,1360,110
Philadelphia,3,2,276276,1950,1196,231
Philadelphia,3,1,479560,1925,1262,380
Philadelphia,3,1,249920,1925,1420,176
Philadelphia,3,1,461952,1925,1152,401
Philadelphia,5,1,180198,1918,1917,94
Philadelphia,3,1,323840,1950,1408,230
Philadelphia,3,2,139062,1925,1419,98
Philadelphia,2,1,73508,1900,782,94
Philadelphia,3,1,337536,1964,1152,293
Philadelphia,3,1.5,501480,1947,1260,398
Philadelphia,3,1,584640,1925,1440,406
Philadelphia,3,2,468000,1925,1200,390
Philadelphia,2,1,149640,1965,860,174
Philadelphia,3,2,146911,1951,1373,107
Philadelphia,5,3,725788,1925,2116,343
Philadelphia,3,1,211328,1950,1664,127
Philadelphia,3,1,422240,1957,1120,377
Philadelphia,3,1,406934,1925,1166,349
Philadelphia,3,2,674730,1945,2295,294
Philadelphia,4,1,289560,1970,1140,254
Philadelphia,3,2,314096,1950,1172,268
Philadelphia,2,1,276045,1955,717,385
Philadelphia,3,2,235218,1950,1182,199
Philadelphia,3,1,404640,1950,1440,281
Philadelphia,3,1.5,289152,1950,1152,251
Philadelphia,3,1,327360,1965,1320,248
Philadelphia,5,2,556288,1939,1696,328
Philadelphia,3,1,213750,1925,1250,171
Philadelphia,3,1,370498,1948,1282,289
Philadelphia,3,3,147456,1950,1152,128
Philadelphia,3,1,236544,1925,1344,176
Philadelphia,3,1,349986,1910,1282,273
Philadelphia,3,1,425680,1925,1360,313
Philadelphia,3,1,402930,1925,1110,363
Philadelphia,2,1,119700,1925,900,133
Philadelphia,4,1.5,410982,1956,1437,286
Philadelphia,4,2,300300,1930,1650,182
Philadelphia,3,1,216384,1940,1344,161
Philadelphia,2,2,412965,1980,1311,315
Philadelphia,3,2,326400,1940,1020,320
Philadelphia,3,2,421544,1953,1334,316
Philadelphia,3,1,141636,1925,1276,111
Philadelphia,3,2,399168,1925,1344,297
Philadelphia,2,2,194043,1918,911,213
Philadelphia,3,1,257280,1955,1340,192
Philadelphia,3,1,375156,1950,1226,306
Philadelphia,3,1,211312,1925,1124,188